Date,AD.AS,AIR.PA,ALV.DE,ASML.AS,BAS.DE,BBVA.MC,BNP.PA,ENEL.MI,ENI.MI,IBE.MC,INGA.AS,ISP.MI,ITX.MC,MC.PA,NESN.SW,NOVN.SW,PHIA.AS,ROG.SW,SAN.MC,SAN.PA,SAP.DE,SIE.DE,UBSG.SW,UCG.MI
2010-02-28,,,,,,,,,,,,,,,,,,,,,,,,
2010-03-31,,,,,,,,,,,,,,,,,,,,,,,,
2010-04-30,,,,,,,,,,,,,,,,,,,,,,,,
2010-05-31,,,,,,,,,,,,,,,,,,,,,,,,
2010-06-30,,,,,,,,,,,,,,,,,,,,,,,,
2010-07-31,,,,,,,,,,,,,,,,,,,,,,,,
2010-08-31,,,,,,,,,,,,,,,,,,,,,,,,
2010-09-30,,,,,,,,,,,,,,,,,,,,,,,,
2010-10-31,,,,,,,,,,,,,,,,,,,,,,,,
2010-11-30,,,,,,,,,,,,,,,,,,,,,,,,
2010-12-31,,,,,,,,,,,,,,,,,,,,,,,,
2011-01-31,0.11385431962713044,0.2510560180756123,0.16234442189748166,0.27086492168862053,0.503817347246351,-0.2680560006430923,-0.04229238315421424,0.021305201858954348,0.052752279488184506,-0.006664595484670022,0.058420538087221585,-0.24138344774721787,0.25832894630593795,0.593213556230733,0.117873915584918,0.008552487402609943,0.07878377544831072,-0.2068664757785581,-0.18127204919099837,-0.046688924253511566,0.16800973768033423,0.4407524463035746,0.09408414288652844,-0.2203665557473794
2011-02-28,0.12360713142789503,0.3889808122582359,0.25749611699164143,0.3636783875246279,0.41463503477344177,0.02192572521675973,0.05991361363034464,0.10448117607766427,0.13881919399114206,0.12655448765046007,0.2679360591820865,-0.02333332332038196,0.3060021854311976,0.46328481646993525,-0.01520003224933364,-0.08234345695330869,0.0910442796413129,-0.172827812386546,0.014189637878240902,-0.02486775125545182,0.306956544935177,0.5371820172854136,0.14314647944820091,-0.00894547261845735
2011-03-31,0.007783331456805653,0.40718368204530897,0.18212288618679895,0.18877558114366044,0.3627259891749399,-0.03884154801837025,0.02629868854012707,0.1114995477619749,0.1096035993036728,0.07242907224879191,0.2293022670798719,-0.08004599489274766,0.10162883697398728,0.34829829988519956,0.0043659773658213386,-0.038238594961043426,-0.003369789880079521,-0.18070161802595475,-0.01745258628786417,-0.04846201297033714,0.23639346380202064,0.3610561043423184,0.07642949421778367,-0.13356595902642332
2011-04-30,-0.08255807807694082,0.46400598324741393,0.20309755477924774,0.2515092136609143,0.38767634384184313,-0.07544629070742559,0.02108949882953004,0.1992777798930463,0.12117162802844961,0.09022862203784765,0.32527095017634866,-0.13222859011962373,0.24444555367031207,0.31365137751414074,-0.0037841764329757943,-0.04854990390893532,-0.11305541163023702,-0.18994749975814873,-0.07180230981253921,0.005884080012346082,0.2093787445124089,0.3453354945824201,-0.023118082433746134,-0.11020035255777438
2011-05-31,-0.04563268194177228,0.28238153820621736,0.3062177087814011,0.20113289510334087,0.6117045884150991,0.11091384015621708,0.15412049762308544,0.3726249147811609,0.25363453972072025,0.23759022299893418,0.37239770292006114,0.03199011638258642,0.3486212522699854,0.4145486540856229,0.06081849796234029,0.02826336432549459,-0.151296834091751,-0.07153724013115004,0.09463938149579643,0.07987848399743935,0.25234840982929474,0.37224791836898463,0.11332927363836909,-0.0011492851257538517
2011-06-30,0.004919719780680731,0.3562536708634465,0.22784922165225296,0.19558295973354523,0.4718510523835415,0.02987965696890771,0.2597632913977648,0.4026046264944909,0.19283641386774542,0.3631326056859536,0.3567036261894774,-0.0764459978716,0.3754742893325598,0.37001487738703087,0.0857049852041496,0.09930139641520586,-0.19378752085637152,0.05656757567482362,0.026608910806989794,0.16279477404134846,0.19354900617768034,0.2993184516073091,0.13001376430033362,-0.12464400219873284
2011-07-31,-0.030140459430544553,0.2818522763296498,0.1296992212840895,0.05076747574713125,0.5580271989433989,-0.15243972548944218,0.05046083003275004,0.27648777319898477,0.13056298778195075,0.1635609853211457,0.15027089825697137,-0.1909842997910497,0.2694759919194847,0.34904570775181853,0.050212682979761336,0.07109100775989963,-0.2341519666140338,0.09053220868746181,-0.13273667777859577,0.30206116324915855,0.2083146868203265,0.30944797450018213,-0.13876418415873537,-0.30769295784375283
2011-08-31,-0.014328695956181692,0.40713786417561404,0.17555652344324657,0.2854980724316236,0.5688884322165375,-0.15310088303215952,-0.04207703498279214,0.14158862476521605,0.0535769822699248,0.052337504691885695,0.07153028254054461,-0.18344469195395297,0.22950515147927386,0.4189374017652039,-0.011108756460140312,-0.044243960198386834,-0.18863859302354014,0.07762556248676722,-0.15159935458659646,0.2553368311727975,0.28460582710098836,0.2877120527972714,-0.23690357748793678,-0.3118971782228872
2011-09-30,-0.15439927191460312,0.22191593285212874,-0.09588158895756393,0.14997744067702468,0.10951069499606403,-0.29829329090452106,-0.28480084224713287,-0.0715177987136445,-0.06806950131631728,-0.0609924837740059,-0.19566352580963875,-0.4672810775506483,0.04335922329490449,0.11560165028910219,-0.013109203061319574,-0.1233001911956616,-0.33939607643298386,0.10422686492902744,-0.24812407351223542,0.07236221040898894,0.06204786126310746,-0.0399792603289677,-0.30035975784373814,-0.48698752737102013
2011-10-31,-0.08467561866981832,0.13375006925820698,-0.17767295245318282,0.11348099195694195,-0.08920622615810725,-0.27788228970706796,-0.40517634077684117,-0.13538579965981268,-0.12525737381722724,-0.13633703574866718,-0.3046935037405085,-0.4730449131557971,0.09955434332019886,-0.09933672450496589,-0.03784042626016815,-0.06386439961977963,-0.3552621320941959,0.06912498954055013,-0.2734793797601933,0.02945479002554441,0.03698574140176114,-0.14173931497322023,-0.3673468474919951,-0.56319099756084
2011-11-30,0.026002883739175697,0.25014353387111377,0.0042265207291274365,0.22962107626459183,-0.04421965568045638,-0.01633776004073073,-0.2506459584997097,-0.019068176382355695,0.10512776470682295,0.02489102468965121,-0.07968259456318816,-0.2793412927894683,0.1477888715351987,0.04120427446009001,-0.034124638336273216,-0.02055251312071471,-0.2492727041479309,0.1028158940105861,-0.06941664848531581,0.16767052364530288,0.23096283215510605,-0.06486413923654333,-0.2541582643999404,-0.4201675112491703
2011-12-31,-0.015924603486514255,0.2614968852785067,-0.09549996432682628,0.0115966266975982,-0.06473007456940583,-0.11959669523898375,-0.3669660794613331,-0.09375317866971822,0.02799220491539045,-0.13605640241391082,-0.21004820265995727,-0.3229504867309201,0.1544410750688996,-0.036739175533287316,-0.03292605647510927,-0.05852561101447118,-0.3222520202435124,0.11155519478769582,-0.22331035884841177,0.12078482002747859,0.1811388762156807,-0.16342397532412278,-0.2716611069037761,-0.49091206576615165
2012-01-31,0.08467270642279279,0.15840680346853664,-0.23874513698108546,0.07784439603764448,-0.00888862155504111,-0.21964617989098256,-0.42179410211781854,-0.1809183280415375,-0.00861828808691445,-0.22290709354795457,-0.3320519884024875,-0.4040003793720762,0.17666110331485418,-0.022523175215670932,0.09495474936897463,0.07433934535582054,-0.2605814078178057,0.16431991571548354,-0.2994164652677419,0.19106021769126125,-0.018790984577357284,-0.21029597511327813,-0.3396337406152343,-0.6381898479771971
2012-02-29,0.0735908872257871,0.23708571438897819,-0.15866705300657857,0.05670568192710723,0.00785143491664364,-0.20540460059480636,-0.4048914768676133,-0.22153657218934208,0.024579962227260888,-0.2625343854984986,-0.23429059043398193,-0.33139516523918977,0.30479677283335826,0.10241893046695227,0.038089840541194686,-0.04414675240854815,-0.32482357759559255,0.16791985610932558,-0.27364364388286055,0.18222087095392325,0.07140940068315782,-0.22645801698797352,-0.32086717676392584,-0.6851032170239392
2012-03-31,0.1302951652740667,0.3402972004498128,-0.03950144936344924,0.1229629380197026,0.11567585265754099,-0.16282808998958576,-0.26162223684032826,-0.27184794939372214,0.07002596645368597,-0.250187371309898,-0.25450692749076054,-0.21686312211897651,0.2562365100296571,0.15221766947020332,0.08723864055040575,0.04379002288038336,-0.27776385847907703,0.20045737396378893,-0.17088202593507595,0.17445453582099302,0.18900394541597687,-0.18998764628009235,-0.23240277925711428,-0.6533209998699041
2012-04-30,0.09610709497815928,0.4841125318649713,-0.12052569191158735,0.34072626142886264,-0.023495730100650203,-0.278975877150786,-0.3074098960353918,-0.39421931089436113,0.04396119075836524,-0.2967731401262862,-0.29809006972483654,-0.32906286577706056,0.21744255575822868,0.08289676881355246,0.05772800857204441,0.026455256810503203,-0.24075931855351407,0.1692507590665162,-0.27004662138348,0.14144852794234253,0.22066933393718746,-0.19466313655448186,-0.2683632682046285,-0.6654833980431804
2012-05-31,0.005762181405785549,0.31619603185114076,-0.12476590436032031,0.4405186386143245,0.006344306014983037,-0.326677406685441,-0.4402435090026884,-0.4413998566655897,0.04671228013140505,-0.4076797211812463,-0.36424396664821435,-0.3660565802396668,0.08929808521263127,0.05805127735884752,0.05143194859839162,-0.03993714562227235,-0.22178992744970838,0.15420396243101275,-0.3669118824870363,0.047982463543617904,0.16029661435144194,-0.2126965788769113,-0.3066094735428133,-0.7109556629655618
2012-06-30,0.0663554867971119,0.17287708838331373,-0.1979184534837286,0.4781542893639501,-0.13236340369384347,-0.3912641217190773,-0.49359173254850497,-0.472228893952535,0.02814189695353453,-0.48102258211772875,-0.4497584161929745,-0.45370371057648884,0.09126166819810533,-0.0165895695044862,0.09084123176055803,0.03350389389934194,-0.15004906363493753,0.12510851702368742,-0.4021405043062326,0.039746557651704206,0.13779262342611043,-0.2650628506954874,-0.2793706040306414,-0.742305009587672
2012-07-31,0.0943979074906629,0.17476123115312325,-0.08186413939658144,0.6228012299418644,-0.10029613013473682,-0.19070166247697806,-0.30085296892028224,-0.3021604626516532,0.18823629647249174,-0.3240924211868499,-0.29973387322025524,-0.2738852541702378,0.32517009435330313,-0.042585749234736014,0.16516418106777464,0.15072660141520955,-0.055361655089374295,0.2064496422603983,-0.2099427763816233,0.15327634223131548,0.09179286506056727,-0.2256505413054981,-0.14964634641791086,-0.6380373257464129
2012-08-31,0.26887798583927736,0.3447303877055703,0.19472980769479564,0.9199095809637019,0.2452125935944225,-0.09473764671881046,-0.11865542663140338,-0.24501750774461184,0.29299391056290625,-0.3763960486762845,-0.12089521466506714,-0.04392483594230523,0.45078650108026275,0.06198304489192297,0.2457072389177053,0.2864925798060838,0.2777364431492819,0.28250987887313617,-0.13358837677629976,0.39134925617779626,0.39717444753814646,0.005965839338245127,-0.11042112977315066,-0.5540950817413355
2012-09-30,0.15959701180383212,0.4548880181938577,0.3015685183384904,0.7475200780279987,0.394652447140581,0.042181661096464707,0.20494736697267402,-0.1296220686332491,0.37780446766713505,-0.3249889916604506,0.14044612974447257,0.1024728357962823,0.4097561427839551,0.33137220140745827,0.22651697024894757,0.1682226347021123,0.42008161401302413,0.23374755441649953,0.023688407703026382,0.3814911840885773,0.40038368928826706,0.15857740487793248,0.02228152656901461,-0.40441018365382464
2012-10-31,0.09408370018371848,0.17439756157849207,0.2049189446066868,0.3904524349562206,0.28342806925432185,-0.012022753948539022,0.1795960408944881,-0.10936393333950234,0.1333067544756943,-0.2717996943905805,-0.017731248039696834,-0.03824745690608389,0.5080262349196196,-0.005504326613711696,0.20622275012770808,0.2238674815728039,0.26601723272420186,0.267921660469179,0.032895955443236424,0.33831973052012065,0.2932922161492124,0.06552080124644433,0.03048035572534946,-0.4213270744151856
2012-11-30,0.07977248781113189,0.2565865843057753,0.3132750037800358,0.4821224202243679,0.2301449619000211,0.10600869636047205,0.3799562498095994,-0.016715490280677203,0.20256580492575504,-0.12643196736831475,0.18766345996249623,0.0589553629324604,0.5827601441356425,0.09143092011656018,0.1962787537163866,0.2016813360912597,0.3491868395084876,0.28978351259296775,0.1672366668943479,0.3645564713421243,0.29658080212447624,0.08202094972755769,0.2597474864140086,-0.3310050938599499
2012-12-31,-0.02488762351054763,0.09082073666872548,0.4291667348786985,0.1527212229215975,0.32946776847320014,0.05282697045365592,0.48270850220916794,-0.009454638438041396,0.20903526495211122,-0.14325698601608994,0.24280563554247392,0.04955398089207219,0.7033850660623708,0.26176462349894525,0.1628607015152408,0.12672338024703422,0.28410726662046204,0.1963849421484276,0.13738926266217732,0.26801931195845685,0.5047013721901197,0.12229478227587354,0.30847695712033074,-0.15334685512562718
2013-01-31,0.04049334571499408,0.16470804989257304,0.3175740969637444,0.13913343235653453,0.258670580994381,0.10564656172029308,0.3704357137737635,0.0728312529815962,0.15544412749537506,-0.01847419135795647,0.014803088091223993,-0.06546568062824265,0.6175791215266149,0.14081348819208528,0.16980746281418835,0.21710369221448045,0.35547629900566813,0.2332169922267524,0.13343427560356713,0.312725477767692,0.34515070916381085,0.13945118983596516,0.1489809358712606,-0.0221634085088821
2013-02-28,0.08406399027237876,0.2914331215942094,0.2230753304187123,0.24904017181901894,0.17806518618465117,0.16930418532200409,0.3217268317417119,0.1396935034732394,0.1373026443019134,-0.025626330601926317,0.11880463311263689,0.07900765299102819,0.5227287861457943,0.12493253021842743,0.19637221367246416,0.25786157771345253,0.5373562332541713,0.3352669493315601,0.12282155767726377,0.35676296038519917,0.21962841009857414,0.12609860632776515,0.25850896386298094,0.21761385730648564
2013-03-31,0.10103744408118254,0.2983563857361162,0.23672297203117432,0.1335130953142305,0.14431616871830832,0.3377091278418016,0.2696512793426402,0.09237297770789343,0.05685308395973987,-0.02986878812032112,-0.014246857493068199,-0.029318964542595305,0.4616803002906691,0.04747600529662921,0.19394302868062918,0.330224212776848,0.5041553910120873,0.36664551296651315,0.13958439802478995,0.30634594362338996,0.17021646785311484,0.098392800833071,0.182743299327071,0.036208805765332475
2013-04-30,0.2476518260264864,0.35440502942304275,0.3301334816197894,0.05103786854664549,0.09856906560590306,0.3912649328689555,0.38241082662182024,0.09717093344648964,0.11297443429000542,0.12560966529886342,0.03942176534489339,0.048635840842941924,0.5562163674294789,0.07878823248326561,0.23471236663267425,0.4070778488492097,0.6200003357843598,0.3794617903521629,0.20382263431778758,0.4408611791250534,0.27741098209281834,0.2523402968774622,0.29560611583786467,0.10778437211686254
2013-05-31,0.3101485040707266,0.5074705629704426,0.5326220113538791,0.1823973594112127,0.30462128816498746,0.7134549098470271,0.6447033303869938,0.36306965308217465,0.19898685849149023,0.4493496053314332,0.3341894501838032,0.4409125562490894,0.5411850228144774,0.12692404895126397,0.24401368577960159,0.4290345507988662,0.46643360793950617,0.58649530420311,0.42436434188154437,0.513090759181537,0.2997845681370661,0.2433290212591821,0.5159818527637337,0.5980627961316836
2013-06-30,0.33149134403046143,0.6127794838942291,0.5723356145573935,0.24637578321105025,0.4264107135965014,0.3774589036121503,0.5437279755221622,0.1479153991923703,0.10561638763786196,0.2226919861518677,0.37333834103027264,0.35073477857459023,0.19892947790761073,0.16666139060728957,0.15721291464557074,0.36186373266077476,0.45714367247389287,0.5125098406042581,0.18219481815018002,0.42718397443196987,0.24675048466078864,0.2867050872530048,0.5862697963161227,0.505869488405799
2013-07-31,0.2007522537917712,0.42274543984223656,0.4378720320590286,-0.00238420442635634,0.19669616329712003,0.26985313815019407,0.4374484637364542,0.1005484091634743,-0.006601928261060319,0.42231516229606836,0.3008731509125002,0.23342931330899663,0.15410957801369007,0.039511566031950496,0.06400246620403438,0.2226667463323544,0.2138326148658578,0.4033672516351503,0.06823412787468053,0.2377561570548068,0.1008611329365856,0.17182618252449378,0.6102958839100683,0.3275118536391384
2013-08-31,0.309107815119086,0.5007270939564978,0.39496660803004113,0.16646058098581284,0.11852918190384765,0.24844132452777945,0.45416939768394315,0.01516106936483741,-0.0006394396690951876,0.4175566202087573,0.2627426759710705,0.18077184084855769,0.1561688212558654,0.07722938739996188,0.08958494565015962,0.23620925270945792,0.36384652035460685,0.3576477012936279,0.07733144327151731,0.2735124985058639,0.07052730576661048,0.17443452657667202,0.7589378432261666,0.32752954885848107
2013-09-30,0.2850771154517886,0.7921934273568878,0.21609182619229195,0.2389775047478091,0.04473119107581347,0.2580447326074691,0.3247250661047705,-0.034303315816851976,0.04500771795069891,0.22514188157521908,0.3359895138930735,0.29926640448193864,0.057289085469447,0.1592236812072474,0.06180631486744237,0.23096226319180868,0.33499585128768583,0.3671162467798954,0.02454652639216448,0.13206757308536377,0.02986364470205638,0.11051237147411785,0.6217519808882352,0.3518013021836679
2013-10-31,0.35446694388249944,0.7417887345101846,0.26176063048300313,0.3363445156938092,0.15022361105884907,0.3607951025989591,0.33107720028750887,0.03728253105508195,0.01625254618442007,0.15969650357827292,0.22520517089807024,0.2739580688273864,0.18033958648074888,0.18805645904495805,0.10379214818958182,0.2946410283176706,0.2800823297123376,0.40934780759649736,0.12908976068609057,0.14226848520650526,-0.01286144391605204,0.23600319307610462,0.36559313105953484,0.4128758916515858
2013-11-30,0.4931700745795249,0.9816820525143566,0.2876259602834419,0.4688624244370063,0.15350734206830263,0.40262844635444806,0.31213761445410926,0.18466527214766382,0.08926913420175064,0.3052207312314237,0.3578872027125335,0.46457119571668914,0.1605169755551774,0.06672195843271989,0.1138448854342562,0.2825900024471706,0.3607374381121653,0.42526904493809514,0.2268745035185673,0.1820225302426406,-0.022080496654240944,0.2780514035477244,0.24793378223974316,0.5804113665186408
2013-12-31,0.37376992096118955,0.8022936074309621,0.26718690297247316,0.4484304867883522,0.14574614310832068,0.33990296331348624,0.3483715550150315,0.13327236653157915,0.025344087652269698,0.20395284438743855,0.3536325338376294,0.4172066711453133,0.13488938449351306,0.030541021390300793,0.14558142595505075,0.3021662360490851,0.3721456645639549,0.4213119549930411,0.19019271284502826,0.13720213241304058,0.019111871596577013,0.2724983176665374,0.24782817147508962,0.4715645104285655
2014-01-31,0.2531885316018134,0.6349438068177575,0.28522071498263757,0.24171444544980925,0.07646153695222302,0.278607574542614,0.2666041044978509,0.04962263286399815,0.0043926703962366975,0.2152755794131671,0.35588684336872256,0.23625784925522542,0.18440468352099226,-0.022584654904783563,0.053966046218375974,0.19902601290564204,0.19990020879780412,0.28053235978247515,0.14150540378802323,0.10896645270831762,0.047895174772646376,0.2674825896197097,0.1049139198557234,0.15527098093925762
2014-02-28,0.16797764892365463,0.3612362538676894,0.2282171099301129,0.16581470451969693,0.1427596460188265,0.2479732390025251,0.3770172114469035,0.2982310268694266,0.02472235431996106,0.29192327760062,0.5979215205291546,0.6737149857807943,0.10030075453226495,0.025425234976211186,0.036093343681228074,0.12804414403706565,0.23276038813537614,0.20168929070913655,0.22317394782586142,0.03646124881781043,-0.039322210974994665,0.26021040339878176,0.2500434922730663,0.4642145376820275
2014-03-31,0.17506029168141213,0.3633239582521979,0.27156973048986965,0.21270912501076022,0.26637713072474223,0.3921329983242414,0.5342913201387658,0.55198086462103,0.058790494365927426,0.4184252891339302,0.9089761493610344,1.0356363609902672,0.029168915870341428,0.030746763971476687,0.0005711239627079756,0.13295140154304175,0.1383223135606657,0.2280542571581714,0.3889443912291688,-0.018031130595485556,-0.04985538218509278,0.2296556976951616,0.33642303040272625,0.7680659877053677
2014-04-30,0.21329174751916136,0.3141684089690797,0.13745379941928682,0.19096575903827007,0.13761980836909138,0.23894422929646986,0.3672388043268484,0.48619659433560636,0.06474208980136531,0.32767954240322505,0.648748292914189,0.8490888421351199,0.08877406239034369,0.011995518529418492,0.0022589127771213136,0.13005399696537845,0.2602968780135335,0.17492344472923427,0.35979407472777103,-0.06029378351452941,-0.011315456955138248,0.31565936169952513,0.13351591735933477,0.7098647782365617
2014-05-31,0.14523177496569728,0.11338603598301233,0.04258870189839925,-0.06579839513825003,0.10899919111103862,0.27832658291242995,0.1938225344405109,0.48298785017997425,0.1029373252203829,0.2907623534249626,0.4152377893124506,0.686086041812157,0.13916473768997073,0.0604543783918563,0.10607448332223135,0.15047451556565417,0.053893506279439674,0.11183422096744566,0.41895384107621814,-0.05441752261422428,0.014939414541074614,0.243089340603438,0.08171677815337808,0.46563474372822955
2014-06-30,0.20252483201155624,0.29948712442075975,0.1571469475518601,0.04911802671499643,0.2716732722790869,0.5282414117634948,0.26003150352984616,0.7228218339568053,0.2590384764108906,0.3923509503341982,0.46785711800740937,1.0418038396023128,0.14620011225944407,0.19843150328454273,0.17120115034829775,0.24507240249707518,0.14591591652281477,0.15534716094059364,0.6835117093876144,0.02188411537798829,0.016558704907738475,0.340315543374913,0.1336891258918158,0.8077852625083564
2014-07-31,0.14193575109772305,0.10595710176961193,0.08422021825285131,0.016252333758611126,0.3179345122172892,0.3489704079604734,0.048850038365865434,0.7501715174491945,0.27868171839666966,0.3819118238144341,0.3359373832135557,0.6177439375745026,0.14498845976804242,0.05334719628586271,0.13165923405202595,0.2544194534294577,-0.0022282828672862687,0.19533758821983427,0.4778525070054567,0.003746945786932354,0.03881350883594337,0.21257551547186182,-0.09511933654419402,0.5199462301187987
2014-08-31,0.11714596703192037,0.008622074591829731,0.2030609481026684,0.07791476709870504,0.21303700058631403,0.32843744325826774,0.07486033086229327,0.7556882241861549,0.17250774430726512,0.46271903910617906,0.18624450748077348,0.5355665434617347,0.11371074595273711,-0.008164486147760441,0.14278929499217807,0.21980915538506274,0.0221454071979712,0.17511014097885136,0.5349250361028184,0.12187548510825263,0.07171810521332578,0.19385850199294685,-0.11833305971481145,0.39323408136655025
2014-09-30,0.04728258692305798,0.008075120815032033,0.16633424391213691,0.007496964207684753,0.14089871462644687,0.146305399349838,0.05800245673206561,0.46452920914268403,0.1538464229740002,0.37100363870936004,0.25314399628482986,0.51808693968311,-0.011999184157695408,-0.07283810608763497,0.16345838366824372,0.23276515933646214,0.008053796555820725,0.13093166840321868,0.3674841885233733,0.1552747623516586,0.10275168917751465,0.10777533921249605,-0.09791291543739056,0.2713857120818419
2014-10-31,-0.05672121563898391,-0.0015118927267548932,0.08163082193732163,0.1387030301651564,-0.020726033710818048,0.14740311051469468,-0.008547009101183556,0.33195709883903723,0.07425528329217745,0.2917196966923927,0.2053714606485788,0.3436851214747296,-0.07735391736779818,-0.07214373083994463,0.10772397145546919,0.33133142957018746,0.0035032685579960976,0.16123465363898704,0.2353012083862427,0.18279505786552153,0.00499230348235602,0.036894189850664505,-0.03807576742257923,0.14929611309222057
2014-11-30,0.026954526561065784,-0.07612542349409657,0.03473802931563341,0.16496606301945582,-0.07668699361915066,0.050077332034831556,-0.06563907476021025,0.252352403702359,0.019165675099748647,0.268665299285787,0.19376469359252946,0.3431194062333329,-0.03414475258779681,-0.011198811616725202,0.09835109204424852,0.29669214095068264,-0.12356641194104101,0.15678859449149773,0.16523880786781664,-0.01844391542334034,-0.09374355007305557,-0.042803974209491225,-0.020142041190788773,0.09710583773256132
2014-12-31,0.122873397803823,-0.10953836254118432,0.10901234136235916,0.26087646043357116,-0.026527497392318078,0.0007253129368549605,-0.06292237682924984,0.25933802224885905,-0.024470899238917876,0.3525511768317986,0.1663361222720623,0.4124364502544233,-0.0009021841182821344,0.10460741698533726,0.14749480724027597,0.366259466720698,-0.057041299233863474,0.19660360378168473,0.20871601410679186,0.047209690032059326,-0.07364551422448895,-0.008236525350876822,0.04265162727052485,0.12392409355864853
2015-01-31,0.23096337383313026,-0.20277177411153013,0.15841088023134975,0.4354763128720951,-0.09216065506749915,-0.07175907291710326,-0.11719076093155378,0.12384441159687887,-0.0857147607500548,0.28255703955934064,0.1006097110949995,0.23216305651705582,0.09461906622713467,0.023305026718024147,0.14505396775257773,0.33817854741876774,-0.031874383972881004,0.11552772511804199,0.15758550197445698,0.07800583143983819,0.04712623570551244,-0.0022350461998945637,-0.036833801044719894,-0.027549287086808483
2015-02-28,0.22346732448827078,-0.10327826377413729,0.17857053107570398,0.4944419636906283,-0.015345265145839893,-0.11525946416910604,-0.19006266597550536,0.10939287902241634,-0.09497830093203563,0.3342719719094802,0.052034267285518965,0.1828223745510833,0.2808810934753547,0.08812196809267614,0.09252961065139176,0.22736555075160547,0.0025843417331306018,-0.05617586399084262,-0.013854064938315425,0.129099501413815,0.006883468996868869,-0.002272618534998161,-0.17309238581173214,-0.07639851043304491
2015-03-31,0.18982102651843347,0.07948429940412605,0.27303863021223984,0.4515581316935069,0.096853278309593,0.05822732103464423,-0.04213042982322801,0.03269816417814719,-0.027475436676625442,0.26185269979731185,0.29975691276674454,0.2403777388216588,0.3183091743930815,0.2701239639998201,0.15465246678171818,0.29933313929773164,0.08725201089288226,-0.023396172146607608,0.02550928397698282,0.20200049657716468,0.0890793080135519,0.06059072517868325,-0.06995392809445711,-0.08797717732355614
2015-04-30,0.3196692055829333,0.23874653567860693,0.35356393138711883,0.5949853088296688,0.14614923965053905,0.10801745517485939,0.07639355078874144,0.06508631751972915,-0.08467603069220253,0.25025541428405074,0.33317063052239626,0.3160305541265451,0.4122928251916871,0.16818267439697854,0.08020596362310894,0.3013654499400531,0.18626128183867152,0.07210988192461909,0.046224457747457315,0.22218654483526623,0.1848801970308338,0.10034940901237666,0.009480626643073142,-0.0002643420657726381
2015-05-31,0.33081112977940474,0.1784833169360891,0.22668813503414365,0.54688332602049,0.05931109744653429,-0.003041574375960421,0.09869554618395582,0.05103263907340505,-0.0528767039507253,0.1875010816030256,0.34257930469162323,0.22701390718957426,0.3609375577332328,0.0953268517076078,0.06867811141800595,0.24297087334990608,0.10725084680039054,0.05482192137444164,-0.019790265692582687,0.16267206610097107,0.20957969343034377,0.038597845870000036,0.048943368907318874,0.008600381999823936
2015-06-30,0.384798985627659,0.2668574623791722,0.22749524067086901,0.506650231323821,0.022226234527231936,0.006348955367395437,0.1384340231034411,0.038552147034826234,-0.1258884459785009,0.18276744868552486,0.471868766488303,0.4860824906529069,0.36868987576977164,0.17562908959574086,0.0927896210090704,0.241041865480504,0.10646400588421745,0.07735851421262763,-0.07232284513109644,0.18620846062816243,0.21416124465413766,0.03085450331521078,0.27495766056877646,0.06184669679514543
2015-07-31,0.3195714801355505,0.3687427175700404,0.17049150304646754,0.3192971089705079,0.0479921429033201,-0.015050893130510001,0.12328838791850005,-0.01458033654787294,-0.1099719930710984,0.10923124443772547,0.5325786776034727,0.4896665637172193,0.36091918448326954,0.2474683161925959,0.029068195627170335,0.19627137089686708,0.022109964866915188,0.021196872363840713,-0.11223751618872313,0.1585690419277226,0.08072212030607973,0.015034766141611255,0.29824275182179094,0.04804076326236917
2015-08-31,0.4296681045099169,0.4074351687776767,0.20209078635001565,0.25365950660402814,0.03573093389533755,0.042231498097103026,0.18530970650791745,0.10068499368755468,-0.10397509519454895,0.20348703400658508,0.49266214379610207,0.5800951971189443,0.44234122010806565,0.3196269278425383,0.05801528320030447,0.2590550532458855,0.1284830844334317,0.07565670543940373,-0.11444821079790624,0.21114483750559554,0.12017349085958884,0.06093046942472902,0.38676343689031456,0.044433244371332004
2015-09-30,0.4089488801190888,0.1890107916953525,0.15981992428221825,0.043590777249622015,0.020790005252653287,-0.10616450802865707,0.10014590822293701,-0.011851210255182765,-0.1982054592440856,0.11735259020457467,0.2363380006582656,0.381545963765318,0.38695729462210515,0.17907789462339485,0.0452230017257802,0.08482289595923342,-0.06219394336325634,-0.03788661035857077,-0.2265361940608881,0.01623981371026595,0.06758563447077837,-0.026944368380078187,0.2334122679336903,-0.050679167941897196
2015-10-31,0.33826902822426663,0.1334932634634698,0.15840514883899504,-0.009301469008798136,0.004084936376140602,-0.12086090845915842,0.07434074343209529,0.013083763889861322,-0.12106135827030307,0.1030648340016207,0.13613806933499895,0.3789101337990677,0.36219092442405376,0.14792201484770762,0.07152121164983227,0.03385724384689959,-0.0239846668220568,-0.06537819073656526,-0.2879930642995393,0.1896368916223108,0.08565976455410951,-0.0770440980636109,0.12092495487447197,-0.014284745248352548
2015-11-30,0.3369038743585002,0.31871672487569436,0.2044627308674427,0.003255183539034423,0.053794295385790614,-0.052185608594076616,0.1005150743567369,0.1181199809795408,-0.016591287045433445,0.14326557733648615,0.1513441924427652,0.305952660319724,0.469872089586826,0.19815816809926656,0.0731245869092485,-0.007612961707019861,0.048033194152822034,-0.043501467757757095,-0.250623029236823,0.21773929985024743,0.2886593255174452,-0.0018598453548680505,0.18156169303935155,0.008194308278497875
2015-12-31,0.430927660631913,0.6878066153866662,0.27734731144952507,-0.015792352824142708,0.15727799928691755,0.03408246423378647,0.1696177130416141,0.16762951089546485,0.1301815723045796,0.21310499751941747,0.22962909780919372,0.3698891422318267,0.46111731770433195,0.21473399586296638,0.07782784253888675,-0.016502254169424746,0.10780913441528694,0.053127605997165483,-0.2131698939514982,0.1512319076215931,0.30097843394182555,0.08667438041300568,0.20116944608172105,0.06137386524030042
2016-01-31,0.2712996639327263,0.35201548400965876,0.16907853875622725,-0.0921652611301308,-0.08170508569926216,-0.08330175910572524,0.15448276095018332,0.004492147322309403,-0.015027437628312712,0.09445280811582912,0.16254204788202586,0.21417574245690574,0.23304798101426227,0.04659951848208843,0.08976389070245494,-0.005674366652786977,0.0080641691435559,0.14709421080866014,-0.2047531299484292,0.0034332070853932972,0.28872188906631746,-0.033548234985952274,0.31831928228182904,-0.00013210247409856102
2016-02-29,0.2737435865972999,0.06562771122407374,0.039842490165376665,-0.12210204168298788,-0.2635878949706545,-0.31244248172980826,-0.13806702446880237,-0.05396052323520861,-0.15329330427377508,0.10294279816816854,-0.1870132985966796,-0.10378082311627967,0.09294139318627725,-0.07712826169641895,0.04090381610792604,-0.16811663049693082,-0.05409653130936709,0.05205229269584799,-0.37366623840675706,-0.09897856233362756,0.18351992260114525,-0.0770582773211399,0.04435610085891417,-0.39165428725839757
2016-03-31,0.12991448556921847,0.0086013104696685,-0.11257045331810389,-0.10099644200334323,-0.32875234841155854,-0.3572679957721392,-0.2194865317309952,-0.09078352725384198,-0.14617954777942888,0.03800086547080661,-0.18176122669548067,-0.24435223080111879,-0.02597679700015809,-0.043714162039199755,-0.016469864670602186,-0.2205418838847053,-0.08321449235371003,-0.04140257829385974,-0.4366804863494278,-0.17816617326761552,0.052419363754836246,-0.11334350184272413,-0.12967951052226956,-0.4466903826908276
2016-04-30,0.14277440323649326,-0.04029627436418248,-0.019689139665274413,-0.07682770622458013,-0.2351177722495178,-0.32962270197483345,-0.1953108787763309,-0.0485837913180347,-0.17669690778281277,0.024340591126659428,-0.21034411841030443,-0.17561006405045088,0.048466908673455045,-0.03070992496373348,-0.014403248750652908,-0.24567816370580697,0.008772715519470564,-0.09354827508208163,-0.40880557281298846,-0.19796029473038146,0.06357467231310077,-0.0019424130292519104,-0.1463318793231636,-0.4990224385235983
2016-05-31,0.05382964883110786,-0.10180936239828764,0.03852878551894445,-0.1705157620899922,-0.1431117373398193,-0.2971395573536536,-0.15820137250024413,-0.07373606452920356,-0.10905685958932554,0.029350057737789648,-0.2469699208861469,-0.26264479041397293,-0.053579162770761246,-0.08424180630456335,0.012186576626073586,-0.20656843732728458,-0.032453150781040274,-0.09420040982263866,-0.2892985419519578,-0.19113843377102135,0.013800140045185483,-0.006058595440228576,-0.16822830785954102,-0.4511619387360981
2016-06-30,0.21703291777850198,-0.013984830032798379,0.10390219535589584,-0.023511894857148774,-0.0822439049138054,-0.2837144518776148,-0.0809788156726442,0.0024604731937174495,-0.08582492229644278,0.053950305649270947,-0.20298328115853437,-0.24457898921248789,0.060238722531765765,-0.06194297451811748,0.12221068892315023,-0.10441339140429906,0.09957928696660212,0.027346442694160533,-0.2859700376265949,-0.12916514778213484,0.18539583363268886,0.11924240242925932,-0.16966001975287293,-0.5053813069118553
2016-07-31,0.1274971947627448,-0.17969858527561067,-0.09894752605865809,-0.01260137352033941,-0.08956785812304857,-0.42438153577568727,-0.29644569732007187,-0.03290359257492692,-0.035647638707207996,-0.03332803648997629,-0.37519806291710933,-0.4826943868324184,-0.023156609376660198,-0.18466564543122954,0.05949753780565503,-0.1649823698338292,-0.08348156458794798,-0.053340549562131856,-0.4312241070489814,-0.20256091531315368,0.04668662706384574,-0.01559327847757197,-0.39439040794058244,-0.6617579927750497
2016-08-31,0.24809497820961024,-0.07189853374976629,-0.05186234533532019,0.2264936118006291,0.019246791885002112,-0.3269134088754714,-0.17263073621447322,0.0679019994634209,-0.008840522121259076,0.040463170224910305,-0.23958942827761376,-0.3556045131898472,0.059239754079325246,0.056065263223427086,0.12464014137654078,-0.11306567445981264,0.07896137016158322,-0.03280205647865042,-0.2707860492974363,-0.09937952649733839,0.32936902556340186,0.14705341056719057,-0.2855239441496741,-0.6104075695234707
2016-09-30,0.26899875754157065,0.012382062688637063,0.0010088902718874415,0.23548181003398216,0.11172200327274528,-0.21669324079799912,-0.08753132128145946,0.03361635447424516,-0.006646713421598283,0.017122173055274192,-0.05782171072821052,-0.2816327825992714,0.08058041051804254,0.02000230424614724,0.1031541657763817,-0.09441474505853842,0.2819173235714967,-0.03736832221943265,-0.11073366748337221,-0.15155119408532847,0.3823092453386645,0.399085843669025,-0.16459651118273055,-0.571014458959866
2016-10-31,0.12763956328334602,-0.1295308340569874,-0.12853937496024082,0.16906137329812232,0.06396442998516494,-0.27706654157326327,-0.13063183933816092,-0.015138744264508452,-0.08230231848013403,-0.044996696629019284,-0.11792707401357616,-0.33676738664822525,-0.014830627475665215,-0.08404049594453711,0.044973991370447,-0.11059203239712145,0.1114355153934472,-0.07329728028216809,-0.19571419378823607,-0.23207790001502437,0.14498775182601364,0.1897847880255472,-0.2923085921904889,-0.634867042007117
2016-11-30,0.03951736930586236,-0.18950209975728616,-0.10960675071443349,0.11706208518065275,0.06794402841022174,-0.10490909852328723,-0.011546366333727298,-0.021924584652820323,-0.08872667037096127,-0.04002118794908127,-0.01948367901203585,-0.30853500460275496,-0.04646845498175467,0.06719992171893607,-0.030171268165017362,-0.16273547217368822,0.09926971637351456,-0.14807015817959357,-0.08957319922104712,-0.12306629912244871,0.09411566644259506,0.10130182944594046,-0.2499825717331461,-0.578436448048656
2016-12-31,-0.03648377242601619,-0.01342733471925095,-0.03715086352512964,0.17544809768244596,0.19317938674035284,-0.0758346844578549,0.09333322308645853,0.020579255999599644,0.01285353436761727,-0.10832056803524348,0.08204873478438213,-0.2775333476973384,0.038681962104737844,0.19392350488568222,-0.053129527989946856,-0.1534503098155846,0.17474731020261847,-0.15383017412452382,-0.005544078702762634,-0.0043157851067769926,0.09330698521960179,0.23912743223299948,-0.12352295583620232,-0.5919819963207941
2017-01-31,-0.010023156747020479,0.11332409589714487,0.11027778189474247,0.28219678912755275,0.5058619703049605,0.14805554661624054,0.45351036298166836,0.1575362794411863,0.23914645126910994,-0.028417764220805775,0.34048293688583176,-0.013663784905484921,0.09570691809575349,0.2524360059557087,0.0025004370885857163,-0.012642721981417804,0.2265593776007444,-0.09068476095947475,0.32443205862735014,0.04754805628297576,0.15075791614659995,0.32456373610164935,0.0027367391638559724,-0.20153922537401958
2017-02-28,0.002545062001635845,0.07545077698265756,0.20096559770718136,0.3449383784440325,0.5429062229823354,0.14505404693840385,0.4445756314960734,0.11058120328038679,0.1672257703796538,0.005102945905396172,0.29187183838979425,-0.013773278270987954,0.0880949850562398,0.24142853219710014,0.06439397122501034,0.011165532470366335,0.19959016335086877,-0.06466567128027878,0.43831111808824774,0.06130202251764283,0.23069856844388004,0.36028540249357976,0.10151368777373682,-0.24125462824636057
2017-03-31,0.04436786126915582,0.2169737335459001,0.2074965260109114,0.29798796356692714,0.3813122936274227,0.12986246255281708,0.3082924978832322,0.10665349553991299,0.1613026040997878,0.09990338659337095,0.30059411056791197,-0.03793149897492709,0.045899270719596874,0.28802586647902406,0.06647774257980021,0.12482078452823564,0.18085986934293907,0.03379805623360754,0.39474023005368997,0.19685727452169033,0.25811157940819207,0.3626170615461628,0.056693899090735966,-0.17486806686943657
2017-04-30,0.05819555361310913,0.3380229865816373,0.23133707236561207,0.492406139021063,0.34180509097217016,0.26911306912395827,0.41712881933782087,0.18724566639694906,0.14987434309913716,0.11047509131269218,0.3564329265494548,0.11981631221167266,0.18956336868559576,0.4306346158935046,0.07482523522487061,0.059886014163171186,0.300636346339509,0.08948582097017388,0.3474991436371899,0.22368653095538948,0.3692997519184249,0.45649688322807647,0.021728993952455644,-0.1453737108926083
2017-05-31,-0.013524729191866203,0.3506246421024122,0.19154717601403304,0.3708109303287763,0.2884919480061232,0.3112665510871051,0.3663146258833767,0.14037542614026588,0.10294598086005013,0.11278809088163788,0.3667245279417941,0.15857887394506398,0.18210693908186792,0.6058323845239508,0.07651756979666313,0.012412070880489345,0.3137903129203994,0.03046405348227532,0.4600778564385235,0.17532905864834736,0.26192446041978235,0.4053472861085561,0.10677085667256825,0.03660930474573898
2017-06-30,0.018624125465515506,0.43977590897023444,0.39747146162998104,0.3424866480254043,0.26377826032256446,0.5231614848104815,0.6472091108159244,0.22204363613538702,0.029781473216676346,0.19815932736862574,0.7068078447853419,0.5986936730531189,0.24027439233914305,0.7057649165577542,0.13375394627474368,0.032425889326402,0.43931968267553034,0.07195910472003386,0.7642523859505344,0.21577478544341155,0.44002338528310037,0.43035182195094923,0.22513925973619742,0.5771605734557055
2017-07-31,-0.19255603087189,0.39443214180466835,0.4042428598998913,0.16463254485221945,0.19414199419293188,0.4551174482025211,0.48201990058044153,0.1652042836139791,0.020870759879372036,0.15356877896219978,0.5887737739203385,0.5047995218233396,0.10723715415706514,0.4533617728837718,0.10715960576339278,0.03699467842287474,0.3347126249712751,0.019068316191890977,0.57415143023135,0.13631026859232742,0.18184937977885673,0.28084223783891105,0.21647936285737557,0.48843790024709244
2017-08-31,-0.16986660146099852,0.376208886138226,0.4085111526415153,0.3570069005623351,0.14380098793912954,0.4354512211356647,0.49877066950558135,0.26914496718540915,0.04788465230445649,0.18516858504793232,0.44861297908261966,0.4599471906061443,0.07783845368938214,0.431948308928195,0.0756357486687056,0.11090124938198676,0.27404721991416214,0.054805421251712394,0.5057985417349551,0.20731843787916526,0.1538245680508321,0.1079606905838042,0.1828409465042189,0.43995051004614294
2017-09-30,-0.23325138224239506,0.3367782706617548,0.4219936211311264,0.3490739726420702,0.10616408722841442,0.44319806336194856,0.4555610730456905,0.33443973599834687,0.0564031561841567,0.18955878325755937,0.41504341939277456,0.5342082977233866,-0.014235132999859013,0.48179943248700496,0.0955123672026934,0.1049547212672719,0.2343228926978167,0.04355350647382461,0.46507349716361657,0.24719947304633827,0.10323978662932709,0.0891631570995457,0.1942554826408398,0.6459086344934029
2017-10-31,-0.21619923372537841,0.5135959481818702,0.3979207774087916,0.5075138630435791,0.16015708562451514,0.18503155142798278,0.3464256735232538,0.3534367124870723,0.12233394505439765,0.11063934361929717,0.3573929593185432,0.5142743134868886,0.01108932574650523,0.4401572425608804,0.16520898730702127,0.2287713437069041,0.30330999214140775,0.12227649738515112,0.3820584005631835,0.22305920005445534,0.17055523108110227,0.19097854580057483,0.18214279353389462,0.5911082849160803
2017-11-30,-0.10562663945677508,0.4840351635009392,0.39070861683262326,0.6014280333202076,0.19600810785777267,0.3459164185113781,0.2757176360590785,0.4538468104511002,0.13153621844263919,0.2779109371597155,0.28819399107089394,0.4703829586475634,0.014910574896098261,0.5105648211791132,0.26447684734620913,0.22099711692220025,0.319620728097181,0.050152216844708386,0.424329447311234,0.10338116806586561,0.25458408995693094,0.18778316586024868,0.050092698815749515,0.6214736311066358
2017-12-31,-0.07438767736830432,0.41588033836274874,0.3189430849068511,0.3976577460120041,0.10132342589490251,0.1686689911340169,0.0945834439894695,0.3563374380586677,-0.05463334804394682,0.12301687357220481,0.18305695236521036,0.2421999041722649,-0.06405424475940258,0.36502872580689205,0.18892549920722068,0.18572272853220007,0.15266256214766627,0.10210962478051355,0.2004915410559649,0.029040536575663856,0.1582111095073675,0.010605201883452597,0.06520373893687004,0.23350705202596522
2018-01-31,-0.040857260088359326,0.34801100182538836,0.2763049933218782,0.3041451166236673,0.06507565894089518,0.16843691990683274,0.09649580052216455,0.35242948034183774,0.028446470508101562,0.13636783788645102,0.2071625678909137,0.36315538086254695,-0.029199267593121747,0.3405589617399485,0.1948426245142023,0.18680130329756794,0.19091713991110315,0.09268202554798499,0.11106513516926908,-0.00354234877929116,0.11893492336481759,0.03272449458520277,0.12335634666883766,0.23569211253050293
2018-02-28,-0.07705624791384613,0.3601334395816085,0.2951587653515051,0.44005713553848524,0.11022697389172986,0.26287528569908947,0.25929839967962187,0.3101760832786371,0.05652228360128486,0.09619880087324106,0.2694568071031136,0.534116814881124,-0.028205954987338244,0.3591327111454554,0.11653542294727548,0.12068929062995681,0.17988404056053797,-0.03152825946962001,0.22423934216405894,-0.09661871192127525,0.04651021552106149,-0.0052118199676047805,0.2217195386829176,0.40310540125335104
2018-03-31,-0.049732557482809026,0.40525831881858454,0.15558911382967544,0.30945075061130556,-0.037830380413973796,-0.022960413703645655,0.09150985388642519,0.12481963008249064,-0.05386621833423888,-0.04965513179874337,0.06639928206264045,0.29857755130711405,-0.22898807450445002,0.22064428635698352,0.009812534344542767,0.06469389555981064,0.0721968187683395,-0.14268951413433828,0.04029140928126829,-0.20609072612655577,-0.05034964848560486,-0.1260892138829025,0.12726137327908327,0.207558855595942
2018-04-30,0.011671610327249393,0.26364004323596624,0.09645204842415733,0.3197363986378001,-0.04618535221104436,-0.11438370457378788,-0.031763229365943335,0.18317709806043858,0.031127317128013088,-0.05134868124534164,-0.04323365610559815,0.17950832282447227,-0.2700507180461935,0.1118395507181833,-0.013437765701488913,0.05397433412139985,0.003498194958498013,-0.12651576426355027,-0.07576486956048833,-0.22075371130206467,-0.06481528154055538,-0.18602498862646377,-0.012058883205919635,0.13729230908586731
2018-05-31,0.052728679355087404,0.3551844821531773,0.1495611137254269,0.3522058773355221,0.029580179812120466,-0.03836235422989964,0.018465293870888688,0.15026904353655146,0.18404719175032724,-0.05203835577385574,-0.01755646172919978,0.23901097830240015,-0.27343438834969136,0.29751820599212797,-0.03908398464933338,0.010049593662904144,0.11919890054818905,-0.13775769595851206,-0.017727318913512313,-0.2538278165848873,-0.03164279148736382,-0.13960797307473372,0.08896113539301687,0.1755348545530817
2018-06-30,0.21281239157056686,0.3740531711400765,0.06604131356174547,0.4800280327630382,0.07741270816339774,-0.16716864968944212,-0.11169570775235638,0.040902600569795,0.24218005567279532,-0.08151298282367947,-0.13644309155935375,-0.028459406023198297,-0.1756915732568659,0.3862881766564277,-0.0804399378891294,-0.045221877181092496,0.15182227101056434,-0.10313620084479946,-0.16064185563149325,-0.17861113211720936,0.06890721253203447,-0.04132490905962993,-0.048361708171211104,-0.1197081132093597
2018-07-31,0.22472120709436916,0.4437817491007532,0.024735247079254563,0.335867579846826,0.0539871490587982,-0.177358372894184,-0.14360650418027288,0.00570287457465124,0.2555059964041515,0.015768477900059752,-0.18408861121390385,-0.08414681793271239,-0.10649313499219415,0.36602868066733185,-0.028920979556046333,-0.045946025373317045,0.15048938511172705,-0.06544443483091855,-0.17331070159169337,-0.10845664195395566,0.11953395694798408,0.0209702354577872,-0.051786878236187106,-0.12513609847533613
2018-08-31,0.48826471427738216,0.5262239312970374,0.09641860535084401,0.4184879531976464,0.047069335905989274,-0.1223776675545053,-0.08039583337518885,-0.016857744317657852,0.31928507265551676,0.017647355251702246,-0.09371332676329736,-0.003818763923119417,-0.09848755614751648,0.38234073695923554,0.023449116283742466,0.07449395233226164,0.20809243145096312,0.03581812568418141,-0.07932183078281141,-0.04528985180185563,0.1499772345053887,0.138055398812587,0.07463596602119416,-0.09645251259969656
2018-09-30,0.36861991699461005,0.3435019177593439,0.007372128360565,0.23015456863146788,-0.08220044959546835,-0.26404835765088785,-0.2171434130857569,-0.12369683729600889,0.16969569955570463,0.02597280156997117,-0.21594210579260997,-0.2373298417005788,-0.1619787561484447,0.318580513788729,0.03525455659908627,0.012544398591584072,0.12388738368995167,0.010868928448205972,-0.24298114265428195,-0.07673759054603979,0.13429973173727539,-0.027908961132142363,-0.04826541848707855,-0.2973558389719644
2018-10-31,0.26286875095872997,0.25336752600522217,0.003568149369671314,0.04854037976162462,-0.1520779323695559,-0.25203241575132973,-0.16994368149945782,-0.1316299719761551,0.2198175895019494,-0.040861999361933354,-0.25938964564189293,-0.182001694931884,-0.17435968982117123,0.21170883390558415,0.0061151890796391495,0.07223816708593644,0.14795311224314056,0.07037620384973908,-0.22907053825306634,-0.012702859291410018,0.10130157114426219,-0.06794948418900015,-0.04999585461603018,-0.19650946871668662
2018-11-30,0.1612936741702704,0.1380284797986009,-0.030108964139597294,0.03147917878630646,-0.2494976524227548,-0.29030086467641725,-0.2340303718500415,-0.1673104788894858,0.19626136890280055,-0.015527001604991875,-0.2737247765294101,-0.25770924631810155,-0.13637123210687851,0.12002612351747421,0.04234623211645272,0.09439459995315613,0.03197489337675119,0.02477471837575962,-0.2238831095323598,0.07894898735700773,0.014759281794442192,-0.0783144259839943,-0.13692392056432057,-0.3181551410385096
2018-12-31,0.2792005462036067,0.15900003164482546,0.014779883205423117,0.03624098562415057,-0.2723806949437436,-0.2638028460543892,-0.24742895841692292,-0.021395876191163787,0.08584599279081129,0.07106590861278672,-0.26780063848354374,-0.20698937035674003,-0.039088493244862965,0.04166430464383053,0.048189837892274934,0.15277288737568373,0.07801420234080614,0.09078038145325085,-0.20255746718137468,0.16443087114793076,-0.012817847801453564,-0.08773018249439246,-0.2171440629593392,-0.2558112912673136
2019-01-31,0.2689684454202257,-0.07719648199209228,-0.10322648939979706,-0.15217263142028425,-0.33593198785227385,-0.360897322402838,-0.37425632117249097,0.014376718064281757,-0.0017363134220519383,0.099501098482353,-0.37568374914804836,-0.34169085956440715,-0.20241596280628793,0.04247294872446905,0.023738570868421016,0.042304247611664625,-0.03734166884856527,0.1008277318324089,-0.3136049084525345,0.11521249931149025,-0.028914546226018523,-0.17513387936825453,-0.32628915761167365,-0.43236341675850176
2019-02-28,0.2852414478845231,0.03610279512027614,0.003458158268154099,-0.04174465294764029,-0.23409966767036205,-0.2170635903547079,-0.3384191322615133,0.16304762940558426,0.13560629639724397,0.24399293157641622,-0.25195052466945755,-0.3089217161920169,0.005078953904937178,0.1574308120795347,0.18463727815614783,0.14111880598914284,0.11452291793576985,0.24902131806964034,-0.2348698362491689,0.22223046281003422,0.06232405428646404,-0.07778584865321092,-0.25992382113793067,-0.4112807579379276
2019-03-31,0.21729316389479503,0.23127219067939664,0.11130037716353014,0.01489827711928915,-0.15764843158430453,-0.11158397516652718,-0.20948228593215001,0.1298188033910641,0.11648791737610575,0.2923755177062901,-0.1082773737457493,-0.21231734932023216,0.0752272928919211,0.23100947253848458,0.23279187428264025,0.17835881508876783,0.14857873407943112,0.2656319593319936,-0.1486142161959535,0.17939092671623147,0.12486994102230242,-0.030425899582985583,-0.21303545354661868,-0.28285717613264294
2019-04-30,0.18595346352798692,0.21047228737809975,0.051638738154817565,0.061587191329202984,-0.21275811139985767,-0.22858188914660904,-0.2969019880295828,0.14284497197101653,0.022892547663408314,0.28049700544715717,-0.21371740001303063,-0.2624116660577712,0.031674689025561475,0.14203646991725405,0.2338269094392038,0.29798819037265667,0.05482348907815693,0.27662739767271627,-0.19963001627085097,0.25463842601755426,0.13080668114047622,-0.051761171220448654,-0.24940751949011675,-0.36419281697640715
2019-05-31,0.126256555600464,0.270163148285131,0.21782509802570482,0.121064124950649,-0.1395846499653678,-0.0257621700066758,-0.10572939087974342,0.26555395744683574,0.008407896835746387,0.40006768104375845,-0.03493448974582558,-0.07059057666119772,0.03045680217627611,0.19763246899661802,0.35292845016537666,0.34017801825441474,0.0840946851844615,0.3134139016780484,0.03260600908417599,0.18070986297325353,0.18932959529328053,-0.00046329723688109947,-0.0797980607743689,-0.1087774095019195
2019-06-30,0.012862622808799351,0.1617844579072969,0.17392791822417641,0.009074788373555798,-0.245846996604263,-0.15861301693979735,-0.17528749086194217,0.23587807440542918,-0.09876846654150939,0.31762778577479844,-0.1674026391381992,-0.1888781269952401,-0.15176889437961394,0.21004858155946904,0.32861238445862906,0.3439874841177555,-0.003993971329737667,0.23110389705250411,-0.09387818909323598,0.0966423007333197,0.13093477786369356,-0.06452439436008928,-0.2053214514292968,-0.2719475895631297
2019-07-31,-0.06226116392682979,0.1928213761860691,0.17130188126336576,0.012781971674009185,-0.18627190020738738,-0.1787218271945643,-0.19486973448370304,0.3220817475180162,-0.06353061912902236,0.34688075963775367,-0.17610432334823012,-0.21417374686810986,-0.026880472131962208,0.27653269299192496,0.2852546064734871,0.259228801413957,0.04098379963643706,0.1661782478078493,-0.12060529427220168,0.06372399214551461,0.2256901259007995,-0.09561159272993436,-0.2503114147046479,-0.2706389588047192
2019-08-31,0.006622969271011581,0.2221601418362782,0.1972772068524855,0.16773256961114513,-0.2055441368011951,-0.10070746515834128,-0.10557261834480192,0.5286183913969342,-0.061721933702725384,0.39449664993784905,-0.10146030504639403,0.013439280195990166,0.0708082137306123,0.26596369695694766,0.33303219726387323,0.33707257243653843,0.13271182869124631,0.14278891747222722,-0.06428748509237092,0.06284913224112754,0.0926799343238891,-0.07700957601801961,-0.22704384677539013,-0.12446881055206815
2019-09-30,0.12767203177297626,0.17497114552293103,0.0912628893556875,0.27139574676118294,-0.17773847258356468,-0.17592138884759612,-0.16451976093801723,0.570003412719694,-0.13593588421669955,0.5419105281276364,-0.17055978942798167,-0.0040133177520944585,0.1114293333973495,0.212616714756795,0.3923452811647299,0.23927632729037018,0.1186059842156788,0.1745951470438709,-0.17587748749116827,0.06337884670618599,0.038316099890097544,-0.1393706151191293,-0.2891228867912572,-0.20722995638731
2019-10-31,0.18729224666664201,0.2371481601755081,0.2116313317371843,0.5230193531545966,-0.01418371670671148,0.007956981447323708,0.039219371471361786,0.6605507902115464,-0.05308707621114728,0.5928560044853488,-0.022529318952901445,0.2251223142144958,0.15809725300512012,0.38265046918461776,0.30556949480814866,0.15245291650364745,0.3212179583863024,0.22295078820692504,-0.08246517759564664,0.1243631816555546,0.15499475704020904,0.008492503614746072,-0.15213079165603516,-0.023161998266758355
2019-11-30,0.02883592816393743,0.37636677499995175,0.22710473117366958,0.5941842377232864,0.10865096722527579,-0.009150843562500066,0.13207470831949397,0.5219871974442531,0.00944086618861073,0.4601144337209011,0.011119634256111732,0.206152873791003,0.0653175317060728,0.5436518571773787,0.26958138232672324,0.11217738582413395,0.2088709021854227,0.18216311011963104,-0.09246886842392676,0.07883662784517798,0.32422759341562424,0.054103095073331664,-0.0905264181873594,0.020002323354836538
2019-12-31,0.10844178223859036,0.611268052073366,0.2968525005525513,0.8294645774751797,0.1813478775567854,0.08589500600972011,0.3856939553990606,0.42785083529915924,0.05710616938072799,0.32937609500865617,0.18383186923679262,0.3043313944335595,0.3055721654285073,0.5956458898341461,0.3365329166843998,0.28723177330689476,0.3944774368173787,0.3067514720012785,-0.05920422708623929,0.1640444282553699,0.4395693494058248,0.25576289549569076,0.04450061052651355,0.2971049830982673
2020-01-31,0.01339420686033721,0.32030413973480454,0.23419841547074283,0.7484338891091562,0.10378321875637853,0.014660073411180363,0.3840205777467627,0.37353595648156124,-0.008984070872466776,0.30397087216338714,0.10551893215566688,0.2948333977287003,0.3336070774763613,0.5060405305800031,0.2440763012225724,0.24845018258671336,0.29622712489709957,0.22769053759941338,-0.06033331013066079,0.2318248475556941,0.3511274422284476,0.21674644690090816,0.0031264897439580164,0.31854255047453006
2020-02-29,0.024429341241822833,0.1894349710647698,0.15318619145485135,0.6031202962054956,-0.04649944564984598,-0.1021724692782946,0.14440550224542714,0.542065485522496,-0.1155201494128737,0.39916012342333285,-0.0990703222149848,0.1386132642222362,0.18154459871737094,0.3314245701145757,0.20827876295467296,0.17676964000887607,0.21053576620560777,0.2069186416222366,-0.13885077416640568,0.23284939484169587,0.2675753940234471,0.16134423601090297,-0.0037059978465772137,0.031520966305174314
2020-03-31,-0.06589428843865341,-0.07018537824460391,0.026659401486424983,0.5074572885953192,-0.15278488554013925,-0.10404630343412302,0.10277935859429066,0.3871668202476892,-0.24943294916785475,0.37434458013088445,-0.1484981335995076,0.11375420456045915,0.10859936655578406,0.15041241821707385,0.06813938022533184,-0.0409770643472579,0.09117569465893793,0.13360197636167603,-0.1643855590493385,0.11083536169264385,0.09768292702085435,0.009859044811990403,-0.07591909301072375,0.03145100022544822
2020-04-30,0.0061473966641805156,-0.5131276843334411,-0.23678036913383382,0.3124743051609036,-0.3774769974072263,-0.45000223690870467,-0.37780119745920115,0.17405086280522997,-0.3579521344203048,0.15623953814310276,-0.5677317310005408,-0.29953954055051113,-0.10897289508501284,-0.024953724856962123,0.014278361801320472,-0.002517948008025628,-0.004904263236397477,0.20663201037734846,-0.49565247675126933,0.0777834903335517,-0.0907361771442392,-0.24551435438364377,-0.30199765309663407,-0.42035683211100816
2020-05-31,0.1398272300770571,-0.49608218048080277,-0.15075929234003804,0.6137528343824881,-0.2095327132674909,-0.3370848253542382,-0.29847099194019944,0.16928134201434664,-0.338782595048851,0.14575563655914014,-0.4696885099446101,-0.22401572937887893,-0.01810490939110776,0.04671601913949042,0.05021639830547686,-0.006903820185548137,0.12031036635432502,0.31579757352401616,-0.471104373990894,0.23463449209334697,-0.013403130842170374,-0.13220697391220093,-0.10476194282070017,-0.3100706207271372
2020-06-30,0.19443857265988762,-0.5452358251192497,-0.1834171560623582,0.6094437903549508,-0.23897049371246348,-0.3863800264018755,-0.22770270017083205,0.17384821346880885,-0.3964647690309727,0.15183037840854685,-0.4153961610570386,-0.175132888792224,-0.03807946232781201,0.007464353022202053,0.054423130624542626,-0.03244461046775127,0.0682203120641871,0.25013042652629736,-0.487759884761656,0.19553013817131348,-0.046447652604097445,-0.0207775898459438,-0.0788108410651629,-0.2918898569821169
2020-07-31,0.22832195439689662,-0.5039824937454433,-0.08149623492198332,0.6271698854839249,-0.12231970581016094,-0.2803740397601533,-0.16145117794372044,0.2647830556020838,-0.35134387999014327,0.22714841429060728,-0.36824281732309516,-0.13099368682334422,-0.11433252259946236,0.046310966637140405,0.016678129577149647,-0.0632858495132056,-0.0028897361726338833,0.2708011386450466,-0.422537057079054,0.24552821621654775,0.12896852379940915,0.10014232124908906,0.019689433758910635,-0.23160668645283744
2020-08-31,0.17371745013550455,-0.5052656755333097,-0.06552163788767607,0.4958367619765387,-0.1715485896332125,-0.33890718327777336,-0.1686363893707501,0.2212635692461018,-0.4017808409671644,0.21595175181324033,-0.3220649985570073,-0.1434877484110323,-0.18658865488654652,0.02424570313827701,-0.0008089415537084754,-0.11866474186714471,0.04419503168724592,0.20553189221350676,-0.46064660664194057,0.17524659261690534,0.24977865625738516,0.23808521544162042,0.06177879075298365,-0.23250502500088122
2020-09-30,0.14349119122129017,-0.42248328871167307,-0.09750766269324618,0.3961314546546404,-0.15185938820465206,-0.4456895967849074,-0.1814416234505173,0.15415892161637212,-0.4146655065857815,0.1520852449327319,-0.2915452982038962,-0.17021356135212828,-0.15777156913704038,0.09022835696128828,0.02864964304416784,-0.06264075844727002,-0.04849423077571202,0.12172224306781465,-0.48856488704291867,0.03450234762692728,0.29818260450485634,0.22375712246503654,0.005865079052541411,-0.2375231163669831
2020-10-31,0.17715852470665028,-0.5166640640656932,-0.20563398967522062,0.3518073609899319,-0.1885880103339238,-0.46919069660051416,-0.3382824361917125,0.11368518779158321,-0.4723822582722864,0.18859968230044855,-0.401954940109448,-0.2862866173735946,-0.1484794377155939,0.05681489339472012,0.06515810228631191,-0.03516266030406656,0.04444746447153847,0.09581056151277778,-0.5549248459888996,0.07082640469501267,0.13376383555023774,0.2033797160186155,-0.08197648042546768,-0.38027792321352427
2020-11-30,0.04991854075843616,-0.5308095385139886,-0.26104459865702634,0.2695133904104401,-0.265125780553658,-0.4557910759999656,-0.4142633212244927,0.0385784730776253,-0.5307702541466909,0.18097067854455173,-0.43900808385486356,-0.3829167384678589,-0.22533652775188961,-0.0003272599296262335,0.017900822452399545,-0.19280225463717893,-0.034669228073852865,-0.0130315821645689,-0.5163130696159652,-0.05077934886613211,-0.24829267628734064,-0.008490757725115095,-0.08880237360444021,-0.490447372848025
2020-12-31,0.11992203132912427,-0.32763638985070664,-0.0377352930502769,0.3920843190900096,-0.0301245654528155,-0.1664272614857255,-0.18673118305491743,0.23315664215683918,-0.35803137602532464,0.2982889441649563,-0.23512329537509735,-0.1801576125202764,-0.08513118069720516,0.17341351820635986,-0.009254316219899472,-0.06946739344043729,0.01653397540994961,-0.017129726520570543,-0.32369754298178843,-0.0199857725409176,-0.1400980205979726,0.10825925871391706,0.1247693298712087,-0.3361751886351676
2021-01-31,0.08345770329806079,-0.32617830308177886,-0.011392958213420235,0.577553540742545,0.12873282518809104,-0.08650145111567942,-0.10282017792448683,0.0750282531871942,-0.2770597340683416,0.2113477294620716,-0.22229017460074996,-0.1482522022479834,-0.1141698901448478,0.3062174457053144,0.005550000817884149,-0.046282554745351034,0.07893897125994576,-0.016682654412269127,-0.2548262164165339,-0.06155721877612752,-0.0767302934443479,0.21392042452818094,0.10852275870897521,-0.36699215655205186
2021-02-28,0.15922304060726766,-0.23034225946005105,0.018039931654032948,0.7870473743072408,0.2807799765137633,-0.08145921591961647,-0.0914696557467235,0.1254012788882577,-0.19867772750613066,0.1227312676420047,-0.1433385250613458,-0.17889466726147918,-0.10055775645852505,0.35799762022012493,0.03834788591351179,0.030243811891929484,0.18457941987438042,0.023508212026428055,-0.24256083037507337,-0.046937751494077085,-0.04693054372932648,0.5228048086215134,0.2956888871025012,-0.3450338161199089
2021-03-31,0.06793264873890581,0.616279184166693,0.35411737051176884,0.9364706103086722,0.6719803609626651,0.6686674488027016,0.7911669094403364,0.28803360281602264,0.10096145422963576,0.20205912591705277,0.9162711130452303,0.43375430893350964,0.1925078619014431,0.5677291567508027,-0.019912744392128867,-0.0207890689866973,0.24250061114128396,-0.0512655905113949,0.3631557003876915,-0.019330952135812707,0.007242948253678438,0.8809847278357894,0.6627309489726925,0.19490686306705207
2021-04-30,0.09258592271143806,0.6679336866713066,0.36650101004729163,0.9175916967953046,0.6161503278941383,0.4817541989871861,0.8092414860768509,0.417638492753875,0.28921836330450823,0.24501164896013616,1.1115634326886776,0.6236821030885036,0.24864099079399238,0.6290469987102765,0.03375865323451954,0.02192962049659597,0.25046889941242334,-0.0619854395214976,0.4836598266913321,-0.020608340905730382,-0.027548329004483674,0.8824523228063097,0.5098420737996157,0.28225905011187824
2021-05-31,0.018474835361120823,0.7626104110747407,0.32907489589747985,0.8545472396467162,0.5408105336827944,0.6945401575483969,0.6552471492336673,0.24694230024307684,0.24263833030002413,0.20131922167210825,0.8559106698151417,0.49510450292954356,0.2361206769057822,0.6985450933130648,0.07554450564875892,-0.022770833504818455,0.1726151246667056,-0.0785381357846826,0.6608004698867957,-0.0029703588647246315,0.02872245811306695,0.6042068147614308,0.4256877088245232,0.13283715914772087
2021-06-30,0.01042119786736495,0.6791562612777493,0.2390560492445395,0.6851954685442629,0.4020150539630152,0.6986179591435286,0.6108143785865561,0.09214863337990198,0.23277810272244892,0.10365921243411735,0.8546514659869491,0.4401232840038891,0.4055497199660316,0.6983291071609385,0.08433555614472565,-0.003415659146110861,0.128455904592923,-0.01895674912948586,0.6573276068194591,-0.0036856110307627032,-0.07161386250822244,0.44163650386079545,0.41041598366100596,0.3006860370117965
2021-07-31,0.06302091741971916,0.748750327457824,0.2474605976517088,0.9463049623732864,0.4890346598603099,1.0090226545146908,0.5809611460499096,0.033747015029416794,0.4174533887162415,-0.04568903574867189,0.915263430748835,0.3853475047459798,0.3791697330377177,0.8222992182951707,0.09353021943405504,0.1628289085324104,-0.03070714216506798,0.13589423645316767,0.8736134966205966,0.03624340782461344,-0.09683170011204056,0.40455766934923965,0.3962040341004007,0.3071052380824848
2021-08-31,0.05714115668813813,0.680708976294907,0.20930998092900843,1.046801909359064,0.36057404782901603,1.2353182836365906,0.4354139212152537,0.0702795211109073,0.33756142774145226,3.2602840378093134e-05,0.6158687664221252,0.31126515680234323,0.2691315846350413,0.7338647835576271,0.08492742482800075,0.11866672877012219,-0.0011340506093934222,0.14320678066220793,0.7445160662635177,0.06306603846440773,-0.10997326652594985,0.2953390245859695,0.43422379681299117,0.24271726308680686
2021-09-30,0.16938344124290428,0.8640244635573662,0.2712054694598278,1.2537381927314257,0.32236521788662276,1.3697520684427227,0.7695498660396483,0.0860849302525819,0.6004482121121015,0.03693775816645317,0.9580743791219402,0.5184676926570428,0.2698563174168469,0.5860327165666441,0.08600800736520076,0.1043406082264422,-0.011374211956396096,0.20207815757942416,1.057879943814355,0.06634119906074964,-0.02387852286808312,0.3400102681836139,0.5644170766737644,0.5215029867860252
2021-10-31,0.2588999572865678,0.8389520298254909,0.34825315167891513,1.0841546126232324,0.46765972842781234,1.353095845715055,0.9477992418412251,0.016047472071395008,1.0471590868339704,-0.10936924070114007,1.174419998815016,0.7546904673873682,0.5194921650845463,0.5577684021387319,0.12148589465350912,0.11852358886461412,-0.021187398840792016,0.19510503010871982,0.9296566853344859,0.11511201210355781,0.2988643014768291,0.4465623843073523,0.48597686363337855,0.8222631609067643
2021-11-30,0.21184620705516788,0.26068619485186395,0.06376081266283129,0.9307741611216318,0.06534284129479762,0.5840666906430978,0.41351979811943385,-0.09744194672418494,0.5921844936038256,-0.07317968103710026,0.6917915941627033,0.3479844182818077,0.14799043095995468,0.41726463692580795,0.22510327449837497,-0.043093089027658626,-0.043863421086356325,0.21960179935211865,0.3875960738708515,0.05955729866316872,0.24940322866490705,0.2855849950758518,0.32436428617291346,0.3406480331115953
2021-12-31,0.3259670363396505,0.09957685559150042,0.0022839229127775695,0.7694053753183219,-0.06178192280660566,0.19683813152488372,0.3403071618623268,-0.1539230762072329,0.4515429012468024,-0.12098178022570083,0.6842059040980473,0.20458756162788005,0.09494563998976879,0.35840598268094515,0.1611622171537619,-0.08625228185723244,-0.27463367398111826,0.1989990901693366,0.10932917050667967,0.10655953050356515,0.0732257970319008,0.23393426981728682,0.31098716425875117,0.41772111275823853
2022-01-31,0.3202349729727083,0.3504807613041916,0.1637220903175476,0.6169438041246489,0.015399160857984207,0.4312444277685086,0.6023689281902951,-0.11967526975836373,0.5593638704160648,-0.04661503343469153,0.7498111639711984,0.37187519877712627,0.19224484889621696,0.4747049651517594,0.30695509937757426,0.03755061534924664,-0.2580403011124234,0.27145374342331907,0.24658935308946606,0.1923245071769455,0.21170924808335045,0.22489480886190782,0.30798424436791993,0.8178520428557641
2022-02-28,0.3607201924857506,0.16901257009446047,0.189439207653201,0.28387304119103485,0.04583974445411121,0.2569733884483716,0.34107146338295347,-0.09027307210410762,0.49582048347438934,0.015151645738607611,0.5027590818503507,0.3368215672767765,0.0020563290775599263,0.3912342696943474,0.286008338943629,0.06660483341766632,-0.3345800771166142,0.23395802394525922,0.09341840965658776,0.2706892149025193,0.09979252936921945,0.09298332068849913,0.24380867717593868,0.6615787838902285
2022-03-31,0.19580699690165804,0.19018020883753994,-0.020915140872919236,0.16475077964762352,-0.12254753743968672,0.22742350884023987,0.06164706665564057,-0.18234166846874578,0.40478758296534956,-0.0347028335727233,0.04649932435432125,0.08104151699868978,-0.14047571766558153,0.17412709747690958,0.1665935047940632,-0.005323927030329578,-0.36546183412466327,0.14535943493403636,0.0547327555917021,0.15211807441821357,-0.013473504656424384,-0.0695617191039255,0.1832729744864512,0.2815606938068982
2022-04-30,0.3204165932275853,0.10426251816402443,0.04602895140752383,0.1332910597520447,-0.2283840965563575,0.13048577672250272,0.020226168722700333,-0.22758178636556414,0.4268331573738513,-0.08028780851433692,-0.0695503876421264,-0.02238509400566313,-0.32459475717113695,0.041530374060137376,0.10396757591920425,0.08852913567406251,-0.3978421760684786,0.2642057698167153,-0.021300369095183846,0.1008253065017819,-0.11947803714430305,-0.06906115594196738,0.30305210393411075,0.1510159853792732
2022-05-31,0.22984269231699272,0.0036863273342930825,0.003481125008339969,0.004056648806488594,-0.2437743970288847,0.04396503228481041,-0.08492290817747294,-0.18775677547962022,0.38601120744769535,0.043050739458280196,-0.12702227770594576,-0.13227018536284318,-0.34346814585685803,-0.03476498078585566,0.16439866784504065,0.14490056984086963,-0.45681696699991203,0.18986081964122725,-0.14952648328367368,0.1633895489148649,-0.14059198802153194,-0.08678481764895285,0.17990682659960266,-0.10158213141685801
2022-06-30,0.06055411256040033,0.017517908847209718,-0.0232608483542176,-0.06605902794975171,-0.17219217318773883,0.02964841724633671,0.1086274975563375,-0.1879054625965192,0.4849962601155613,0.11813067164619362,0.055859427169784315,-0.026261645433474978,-0.21993008184243457,-0.08259578549907398,0.03881160799995653,0.07591466858280627,-0.40441992014492134,-0.0385626667758342,-0.03191930641378571,0.1700284540506194,-0.19772045003641137,-0.057615771719315756,0.3120230161570703,0.1604787908531864
2022-07-31,-0.01835970636980644,-0.18949433493775414,-0.08656626005007495,-0.27979830066302636,-0.327570177750218,-0.1517832322306346,-0.02690742306641969,-0.3100644515163531,0.2138938607842893,-0.009104074756443592,-0.028151308817541687,-0.147122639849522,-0.21833529240744132,-0.12311434491103568,-0.006934428834808659,0.006723457270365607,-0.4516448904807643,-0.06650632718715721,-0.09986630758142867,0.1535591616002714,-0.26082694829382047,-0.24114154487757444,0.060561480386272404,-0.04997214908460035
2022-08-31,-0.04143605407552753,-0.0805209621558538,-0.06138597054657713,-0.20410088369408996,-0.28945366717684884,-0.15605238812048605,-0.05515700436003956,-0.320034090873505,0.20383068721001063,0.038536473948374006,-0.0933567483981409,-0.19455135253204314,-0.1517985298460629,0.09399223906058096,0.029194596501947112,0.006512469794593967,-0.46438178008655095,-0.11946856829036556,-0.19336464462240455,0.15414626052219393,-0.2689875772109952,-0.2074257812959872,0.04336347759625858,-0.03970114589324869
2022-09-30,-0.012409652856999687,-0.13732833541304112,-0.08868893520602372,-0.2406535405527057,-0.31491693071643856,-0.16733662537081384,-0.10003117213057477,-0.24536405699156338,0.05536321610346562,0.24970254749588072,-0.2061831759547248,-0.21548497279254053,-0.29898205946696177,0.06076120334803803,0.04007275840874813,0.0757191152611636,-0.5495026082997283,-0.05303278251481136,-0.20326080108861344,0.029017590637407276,-0.25327753261222297,-0.26751673979447044,0.06592830454095111,-0.09744573214496499
2022-10-31,-0.037744733640403094,-0.1847696691239572,-0.15277802205207547,-0.3735907384975439,-0.318174869850797,-0.2028708929995897,-0.19165724836061915,-0.37602387005060045,-0.07455548685617297,-0.01974837236081972,-0.2610981258193893,-0.25588461600048984,-0.30286091034468676,-0.0843339803093267,-0.09333188330916298,0.04293339818916442,-0.5923933869834842,-0.06205253657131038,-0.2546426498570724,-0.056363526380400986,-0.31029074106337207,-0.25807355111739594,-0.10467113944789619,-0.030240151883349053
2022-11-30,-0.01319525363640306,0.12592289874031093,-0.0027782736561815513,-0.3103456144944611,-0.1582396314875285,0.18816764949159204,-0.07446729212903813,-0.27979413351245175,0.19786183644402833,0.08415420860189471,-0.10764416610424477,-0.05037485071284564,-0.14027027252062785,-0.05862283405204061,-0.05467185490659188,0.15054719125972338,-0.573697779795223,-0.05067968150984281,-0.007003187082178175,0.08333230137375947,-0.11329599115385225,-0.1946075343437097,0.026321406086734944,0.24345660964708982
2022-12-31,-0.04402768783629818,-0.014189566480700577,0.036529022788965415,-0.19625202487069504,-0.15791756575347626,0.14659617108988998,-0.0563004762342989,-0.22114651279704578,0.25275878976964794,0.08215135232818005,0.03613429652484168,0.005296672619049314,-0.09019338426253765,0.025832524839768833,-0.09820588066474423,0.08829626218621822,-0.5506179395299289,-0.16641344312383732,0.009596202679019283,0.01562429885459915,-0.1406407858167984,-0.1161185330471044,0.08002524252349397,0.01866453365197529
2023-01-31,-0.033266823848229654,0.004385953733016645,-0.06927009615175106,-0.14169757228789626,-0.2632530864370145,0.07263540331785312,-0.09277089581772513,-0.22892053928163847,0.0669788490394827,0.10557115364829506,-0.04583659558789588,-0.14539283183925178,-0.029680648241140806,-0.04177171715274508,-0.07956815996121525,0.08955161274245893,-0.5055655622391537,-0.16432863172052492,-0.0568017875641772,0.007648124314331595,-0.10288095026905764,-0.04685377435802629,0.03587263243668759,0.004968522743596715
2023-02-28,0.03212779966718582,0.013807882086706469,0.13564314985204406,0.018567030481609237,-0.051648410075645135,0.3104804858601087,0.285720094531146,-0.11962416544652699,0.09223460148983809,0.10267687863430641,0.3907853062256852,0.13202924393544269,0.26621464378156534,0.23462107679817534,-0.04788047048310751,0.07201322884714068,-0.45916676411322443,-0.1628954839326311,0.11772031716162945,-0.002005795755551376,0.09910988443019009,0.12821724357117747,0.18534023336654326,0.6636080571350309
2023-03-31,0.06772408057290424,0.13988897020807634,0.08050517074392172,-0.02875470319360396,0.0042688372957457865,0.5179540888510217,0.36725478544153445,-0.05572631662628902,0.07453397426699504,0.14421509772327434,0.5367352581964724,0.3244641923019784,0.5355611929826207,0.23733311068405238,-0.09716607729937321,-0.024246037769072304,-0.42195592262414905,-0.2582890851332461,0.2506068517505451,-0.0004206701865412388,0.09213864483363343,0.18523171395740867,0.1603369804714989,1.0797601236949679
2023-04-30,0.13982214321096587,0.16808799010298214,0.03670370774831233,0.15740295700662665,0.02871723720271202,0.33218121686025226,0.19221738039986325,-0.02477877338457546,0.04909106717909362,0.08976613154626323,0.26499622438196035,0.3047492925240176,0.5683872238485639,0.3723414310477149,-0.11539683723140715,0.011668163427071665,-0.30131525680094307,-0.25320260436554964,0.24368193917492476,0.03062211405222315,0.2223567215129838,0.3043788114172503,0.15405335359424033,0.9550815735846305
2023-05-31,0.258623939372981,0.1854197267195914,0.1662906129616475,0.0812053825644583,-0.016924957319456313,0.4093788220404302,0.10318202404252941,0.10528453296294593,0.021160994595908145,0.11570196336897332,0.12916313429640014,0.21478867487697118,0.4473746168094397,0.47991589040886806,0.004277216958644026,0.09624913167393978,-0.20441850698884056,-0.10919205418498479,0.10064390595220019,0.00623867781076104,0.324065218422243,0.25170855631102285,0.031065261714367187,0.7335057517995591
2023-06-30,0.23637635869998097,0.34434279868087425,0.1578045955544758,0.488550508971735,0.15114440321986988,0.5212396284804324,0.2735536494980617,0.20936041511486558,0.17848410440675044,0.20342240150699498,0.2946776434547782,0.30117820389346295,0.5072681416084042,0.4197463848441818,-0.006567065497097624,0.1264317112610216,-0.1031818175654734,-0.06168190258086015,0.17952245274885703,0.021600347873749426,0.4294593700517231,0.6255965390908511,0.15372881092103485,1.0813929153750608
2023-07-31,0.20492398159131353,0.2799798050952229,0.2677563834469794,0.20627741795483434,0.10239469880660024,0.7137039736188793,0.3422472821018354,0.30257678582769065,0.2064504209714746,0.16519532781661161,0.3792796783883372,0.49185133665672764,0.5567226004426495,0.2973158812738128,-0.051869205853027234,0.15089309754503377,0.02667606308007353,-0.10064865734617023,0.4444981903554104,0.047884629225503295,0.4035440728351143,0.44652441017923206,0.20351769824286814,1.337917908982846
2023-08-31,0.16744410160891188,0.3881635043838434,0.35975233327960776,0.3565884901217806,0.24764219445123414,0.7279380777224491,0.38117027145472004,0.4299010285624796,0.26079887262797996,0.14288392719461074,0.5784889079406916,0.6395099522613397,0.679942073501782,0.32906405645480463,-0.0429254408640255,0.2025465216331921,0.1864764294114154,-0.11018473153210484,0.5868363396646878,0.2255225744890912,0.4895309964833561,0.5781283638152228,0.27828581816671316,1.472405740986054
2023-09-30,0.19549389094787206,0.5446874271289661,0.462022086383451,0.41646232049376253,0.2716503581538512,0.6927416777718116,0.4647883097161887,0.5737996938493244,0.3769001827241192,0.19557297051451683,0.5820916141821819,0.5598887421606911,0.7281371453752046,0.3002952307031401,0.019509942045589534,0.2355156323346279,0.3580600537589056,-0.16535716296949055,0.56434765249964,0.3051184330547818,0.5574905896830356,0.41250872564357954,0.6720695413330844,1.272563751739757
2023-10-31,0.04533091005915679,0.17528460685933145,0.30613940878559864,0.18174496778780447,0.017378157948708894,0.5534161739269452,0.36103350905191456,0.3786764807527718,0.22976248111956532,0.07780622212018296,0.34878310054468,0.35914687032756176,0.5682126586649774,0.1376101762585713,-0.023845534887252717,0.2124002652684811,0.545721025938154,-0.21891594991395613,0.4054400070067492,0.20539668837561353,0.2789374625820662,0.2620354383545769,0.4706715038895677,0.907893861353551
2023-11-30,0.04232131984616205,0.17287291015115036,0.13979667523628736,0.01493788823005704,-0.03423298725528734,0.4175529494464101,0.08692291826860954,0.2485551865936062,0.1328851040174912,0.018103732222906288,0.11021211927937768,0.2024688259599876,0.3594036936187943,-0.07172544206326681,-0.1043967981196724,0.11416887434326473,0.3174572409184968,-0.21204309608593686,0.26704664521992116,0.027964341948781835,0.23397121247840835,-0.01982672322481771,0.26879418231078334,0.9105429696084564
2023-12-31,0.024632700107329653,0.24427092090808555,0.21027964725617054,0.24895300168617274,-0.009713533371429883,0.6182456134398513,0.16050439132050065,0.38035486385373063,0.21949500451092296,0.0849402872070606,0.20975360957766065,0.3952487210104336,0.5805512414427294,0.04161777266771538,-0.04857534089850479,0.12261800111718513,0.4001928722984218,-0.15726400604162727,0.41330967394367923,-0.013252193220879227,0.5350152193949502,0.22268214567017752,0.4743982333370609,0.9827695513768531
2024-01-31,-0.016365579141877196,0.23449938807010118,0.16383494274546728,0.14256356667607517,0.0018907170664519413,0.3642393305788938,0.06443308377021872,0.2890671623122041,0.15976817056918913,0.13589030940493751,0.08463499949917663,0.20395122054441095,0.4303942260575584,-0.06850069093906297,-0.10254977851638558,0.13465963720419127,0.3926840407155219,-0.1110305288661474,0.22959626294072355,0.03836157347327762,0.30889314055172634,0.22389492177269021,0.38276803179594143,0.4467096599494458
2024-02-29,-0.10272684479665728,0.20870893432250148,0.1761462995511731,0.37747524672753086,-0.012899283802214168,0.26127924020908155,0.011489690249151252,0.27252974247652273,0.18390483074362507,0.07568676636269567,0.05657541318648529,0.22679945773918941,0.41727725240273794,-0.004015262457648383,-0.04670942629213348,0.24316442884223521,0.3371668213244903,-0.05711880664522406,0.04568082438634846,0.08948420220649078,0.5215974787677498,0.15190053343952026,0.3089348387345383,0.47850556355828355
2024-03-31,-0.09510443424635073,0.25825153078797825,0.25780083585962,0.4057380485151503,0.0476444391808859,0.4984110254235936,0.07299907414224527,0.11557474523306421,0.15792488314707254,-0.03292186597790592,0.23377822910102597,0.36209807469252797,0.3779388267440682,0.01388693635555116,-0.15531935511495465,0.12726206920258987,0.14803578517814175,-0.11113242169010618,0.16963550342217593,-0.09048190285535251,0.5149683728667944,0.2605421046287011,0.3460019166389514,0.8699480753776265
2024-04-30,-0.09797518943813122,0.34277184517171655,0.2878124521029317,0.5659598336177807,0.129775883353072,0.695491596144177,0.20243687592084858,0.053260078529875576,0.13648954159359028,0.02010788169519917,0.3976193050283199,0.5480185116706453,0.5254297645225277,-0.0352353328468441,-0.1639014292509211,0.04958839289181616,0.018389053243803133,-0.14667560368800592,0.4519019371147439,-0.056453329191108126,0.49386662660397596,0.22228499740754026,0.5355659815832781,0.9607020760024625
2024-05-31,-0.0035818989010694136,0.28426166750725335,0.33313337780143093,0.2508550553527382,0.185788701605212,0.7603589433773601,0.25180531308548626,0.12586459228197322,0.27538904466519254,0.055487004979557275,0.3934842260363416,0.7285364315474034,0.4188485822203418,-0.03187541542545069,-0.11771369735956005,0.11849702499207115,0.4309192445477963,-0.20280382457024893,0.5673748983893858,-0.018971329002064108,0.38893425453021613,0.17978389449427112,0.44815946759869085,1.0343071578483878
2024-06-30,-0.05125802291560033,0.198358039572597,0.3255726498307505,0.32485774977348414,0.16637245509735776,0.4966688990021195,0.25189849832737843,0.15145156657687764,0.1718097652792594,0.058964392883302796,0.4310980077363926,0.6543838673812674,0.2727407036777192,-0.13352828497054048,-0.08301135915057478,0.13331782256553248,0.2989733746739507,-0.12035325460245039,0.49056817596456015,-0.048000205459789225,0.3429722964533104,0.18839845736269356,0.6196372533111998,0.8031879544407767
2024-07-31,-0.08649130978486752,-0.02602338675510396,0.2573260611411392,0.4912509535356995,-0.007316463601261591,0.3733698845897713,0.05863623210089397,0.0699246577921917,0.10166261895068329,0.08565961914480091,0.2969223457810408,0.45373701355375395,0.3798447365981048,-0.14386008358401592,-0.11393068063386835,0.15606525136532579,0.2902470596969762,-0.039723289561781616,0.22697676597172634,-0.03518547143488582,0.5427459290740249,0.152832576687695,0.41161160319836676,0.5856053130231973
2024-08-31,0.009491022096912882,0.051832740785174636,0.22447957138614494,0.4107340876538501,-0.013053682119807952,0.41407904310046084,0.13438328443426006,0.133367890922359,0.10393468323301902,0.1640951829146613,0.3437460322934751,0.6705616659996951,0.3144310616749306,-0.15056076616966896,-0.1349701895098454,0.20838916166474108,0.29668577263018725,0.1435147899654987,0.2908119216995322,0.006565402594117531,0.5330475499204148,0.2546338905524703,0.16701429168151027,0.7726283758229167
2024-09-30,0.13255122070934067,0.11227972340578352,0.31096241106528844,0.46443336668115376,0.14378787643367286,0.3169899816011794,0.1053244975322829,0.25883238111772155,0.008899547382569706,0.2674731084945756,0.40412608680613626,0.6987883617132504,0.4379968133366978,-0.04228892920652638,-0.09407825296639527,0.1909733113359664,0.4836903680960287,0.19431011502603668,0.2967513499659391,0.03864102327024033,0.6302014547865589,0.28820418267385306,0.17739263770304858,0.7331012046114311
2024-10-31,0.15247029757473007,0.057213653463190406,0.40668346614514994,0.32993384018638294,0.1703800695638764,0.3560598949928877,0.21008268732997082,0.2789504273923131,-0.05321911717542738,0.3856855720023278,0.45433950375526466,0.720098957374059,0.6607697763459219,0.038625416406747215,-0.10541268007287297,0.19237156097624375,0.6999207647860821,0.205158268933898,0.35383822806810805,0.2505471370367254,0.6331533312321604,0.4925010748283316,0.2633186858853649,0.7559918414124513
2024-11-30,0.18676256812193337,0.04699406004013129,0.3219324939046637,0.005169604880218559,0.12064174557831442,0.1497791272463196,0.1593596495473828,0.1470159441669674,-0.02887322283124505,0.2598555774782083,0.30826693197115396,0.553075068157846,0.42684445616692357,-0.11701271436287564,-0.1521560658436144,0.14341067612634695,0.32893431663823103,0.18201330551513073,0.23284199097848712,0.183495275505553,0.4951706897165191,0.19142360705798755,0.10846101415001352,0.715875130597462
2024-12-31,0.30516491856440187,0.07404097755435202,0.2721101130149781,-0.02637346732288892,-0.068252727389715,0.16110944409301253,-0.034115603110101866,0.08005440798490349,-0.06519050601760834,0.1904548651380913,0.1648507218178148,0.49486381114106526,0.3658044739525952,-0.18466474220117035,-0.1901607540032002,0.14029918262201457,0.26493515316902894,0.08834287662220563,0.20769954736184193,0.06855062543428492,0.6328161023806753,0.10860861015458445,0.12249225608303238,0.5972338444483805
2025-01-31,0.25903630431348423,0.06546126467865365,0.25780612359850474,-0.14283986264323179,0.02324553775309446,0.16445541761157378,0.01052708798420765,0.12169792316503747,-0.054322567480144524,0.22568787280925195,0.23298874038663775,0.47006571106198614,0.29015870369978836,-0.1629400672122331,-0.21555002382471267,0.029478221891997558,0.2759741065032315,0.07689123662579189,0.2467794147064546,0.04575401292100323,0.4881182781102491,0.16989522523253986,0.0975580039131545,0.5295928247139163
2025-02-28,0.290848854459798,0.1117434847359371,0.3045941706608162,-0.16455979211736738,0.060859916619877996,0.2857441263718483,0.2666348080460117,0.24339641012209068,0.0290638931272027,0.3453311208592651,0.37513848612241674,0.5549142187568954,0.32677381035678144,-0.1494554940503352,-0.12816097673290594,0.10821384838920745,0.49127459797772044,0.28417831021352935,0.34661844730455393,0.23716195265012763,0.5727485190882982,0.13397832342328453,0.3196265972491892,0.5496814035714039
2025-03-31,0.27440766011987794,-0.012503974873222301,0.2524096416445849,-0.23296044994354403,-0.0038591373779041094,0.24167227340757158,0.18079441581867228,0.22850693031085179,-0.004532384738696549,0.27117261245864044,0.22154808152201344,0.5333560889879572,0.14994442863678037,-0.15068258757361985,-0.06053810933048487,0.11777499138390479,0.3940071340280873,0.3025685746557212,0.43553245625042036,0.19494830797922869,0.48873021310640485,0.2792464273837647,0.1458714748116754,0.5515478966470329
2025-04-30,0.23544982534768621,0.05236624579431082,0.3911562754167923,-0.2676180862398009,-0.06632075895867917,0.27111519720239197,0.21416787269821191,0.29164659167808327,0.011843524775483782,0.3596106569342925,0.25122249323747936,0.46278105108689926,0.08557764477761931,-0.25483383743636434,-0.031019485606459396,0.13799624002399358,-0.04283273217346317,0.360414215393684,0.385751743420536,0.14042965459891588,0.4584084387718903,0.23284731112955237,0.10712813224303819,0.5248038238854058
2025-05-31,0.31367039911479644,-0.03497422302549558,0.35706314919075943,-0.3247203286798067,-0.07808301912352344,0.30017555561876974,0.09734127586784513,0.2229882702056185,-0.07612035780450888,0.37541263606252295,0.12039579065794359,0.35756769109671627,0.11962920447103342,-0.3196809481371401,-0.0488602788778586,0.04265056326059935,-0.10329587270522578,0.2043561462523007,0.3302251772697664,0.06840455513300858,0.5383224494453529,0.17255795074987001,-0.09150750880538583,0.4771251190321866
2025-06-30,0.3980089241538751,0.2920890756659271,0.40170316313642274,-0.31537869153986675,-0.011533012764359807,0.513698259269006,0.37902041463417424,0.3258142696127737,-0.028868918114097086,0.39012843452297497,0.26108405602238594,0.5316800712105665,0.06269638154949475,-0.3132317793117494,-0.009491122914289662,0.012710141959200172,-0.10685661805995283,0.09932099384414683,0.6889887252981177,0.01595300307112857,0.41569926120674583,0.24772921662781755,0.029671581397511693,0.7234374548398643
2025-07-31,0.23667593263188635,0.2949739643250171,0.3763173647285829,-0.1972135780233938,0.023087021732707713,0.44167417368925577,0.27986823793040605,0.2595598911260679,-0.0007841748530250658,0.36072928481703714,0.1982824744059286,0.4121932120086915,0.016760394761944575,-0.30230385938011417,-0.08390244352239262,0.010436770166799336,-0.1857467145182118,-0.06597003414135594,0.6408539092863219,-0.09964400798297746,0.33567460294590146,0.31473476803793243,0.04730473906682797,0.5810462124784148
2025-08-31,0.13670001505649987,0.29662238556031384,0.289346016474362,-0.23717239442314741,-0.008408706022105084,0.6359254157923171,0.3614664740746443,0.20014044528300712,0.09187512995545832,0.24988140750584087,0.31680128506723326,0.5229999497857958,-0.11661279938876734,-0.2821712706282946,-0.19080048868632082,-0.04467232320049275,-0.11670132455566817,-0.07519924110478737,0.7436617719210212,-0.18663532862402088,0.27992535884437286,0.35453166558561655,0.218881934163089,0.823139271002743
2025-09-30,0.14289576191798647,0.3952523584591596,0.27722437536521416,-0.13739517263589962,0.0047718596157975135,0.7098681087795253,0.32840276380910494,0.1705393255279517,0.176160893586375,0.20769067150259324,0.34209276060278415,0.5166008013213101,-0.18013355904824502,-0.24972097593049147,-0.08077448666630016,0.07851051223614935,-0.16713938843509912,-0.006250521191957126,0.8451548004185387,-0.14274679017909553,0.1438073417127872,0.3352584888947674,0.29208585477918025,0.7689751971546821
2025-10-31,0.1768771987823572,0.4400490583549759,0.2846376520173681,0.3436749676512447,0.004905939196272691,0.8561940177989682,0.3562668679519574,0.23278332560009174,0.1401791358929545,0.23166943364782133,0.5108450789208046,0.5440032296918986,-0.08609996685038612,-0.12533176777290422,-0.07214901137503527,0.1055448428836907,-0.006130683869956743,0.002222453334029373,1.009333901622719,-0.1554965122634081,0.05953736629040596,0.2976032281753771,0.27381076581692154,0.6710971579656466
2025-11-30,0.12614753143287438,0.4786998496810757,0.24305406587027845,0.4080203605404582,0.06258153744138695,1.0280147917241407,0.3030201640262655,0.37218570936712103,0.25546783617607116,0.3587613732430648,0.5895864257922316,0.5920644844245253,-0.04964244746909818,0.05862972580121051,0.04132978094574424,0.1023877257650232,-0.042247140864713595,0.0468192253290749,1.0782906098067615,-0.006859145416217904,0.007019501101559911,0.37199806808527924,0.12204811874786436,0.813456986482918
2025-12-31,0.17223510605152303,0.3505992898254038,0.312470481714747,0.3440364261347113,0.11392761337648283,1.0795054683785077,0.36946525228785543,0.3780801567622676,0.3222954634069264,0.42681818430027496,0.5846655935591762,0.5487487987460562,0.0062852412111082945,0.01521914742247854,0.10439175945856793,0.22002264520360182,0.034487114118752604,0.24292091372420788,1.1330949921725528,-0.04483355018612578,-0.10945845039954483,0.23228666449599578,0.1632708458043386,0.7541893351670694
